timestamp,person_id,access_type,confidence,is_normal,role,device_id
2026-02-01T04:29:47.513351,resident_1,entry,0.8885,yes,resident,door_001
2026-02-01T04:44:47.513351,resident_2,entry,0.8542,yes,resident,door_001
2026-02-01T04:56:47.513351,resident_3,entry,0.9129,yes,resident,door_001
2026-02-01T06:28:47.513351,caregiver_2,entry,0.9143,yes,caregiver,door_001
2026-02-01T06:47:47.513351,caregiver_1,entry,0.9032,yes,caregiver,door_001
2026-02-01T07:01:47.513351,caregiver_2,exit,0.9862,yes,caregiver,door_001
2026-02-01T07:28:47.513351,caregiver_1,exit,0.9686,yes,caregiver,door_001
2026-02-01T10:59:47.513351,caregiver_1,entry,0.8718,yes,caregiver,door_001
2026-02-01T11:47:47.513351,caregiver_2,entry,0.9273,yes,caregiver,door_001
2026-02-01T11:59:47.513351,caregiver_1,exit,0.9569,yes,caregiver,door_001
2026-02-01T12:43:47.513351,caregiver_2,exit,0.938,yes,caregiver,door_001
2026-02-01T14:17:47.513351,resident_2,exit,0.8778,yes,resident,door_001
2026-02-01T14:25:47.513351,resident_1,exit,0.9537,yes,resident,door_001
2026-02-01T14:30:47.513351,resident_3,exit,0.9628,yes,resident,door_001
2026-02-02T04:37:47.513771,resident_2,entry,0.5793,no,resident,door_001
2026-02-02T04:52:47.513771,resident_3,entry,0.9018,yes,resident,door_001
2026-02-02T05:18:47.513771,resident_1,entry,0.8769,yes,resident,door_001
2026-02-02T05:56:47.513771,caregiver_2,entry,0.9651,yes,caregiver,door_001
2026-02-02T06:51:47.513771,caregiver_2,exit,0.8942,yes,caregiver,door_001
2026-02-02T08:16:47.513771,caregiver_1,entry,0.9521,yes,caregiver,door_001
2026-02-02T08:51:47.513771,caregiver_1,exit,0.9147,yes,caregiver,door_001
2026-02-02T13:56:47.513771,caregiver_2,entry,0.9458,yes,caregiver,door_001
2026-02-02T14:52:47.513771,caregiver_2,exit,0.9576,yes,caregiver,door_001
2026-02-02T15:31:47.513771,resident_1,exit,0.8905,yes,resident,door_001
2026-02-02T16:26:47.513771,resident_3,exit,0.9811,yes,resident,door_001
2026-02-03T04:40:47.513995,resident_1,entry,0.982,yes,resident,door_001
2026-02-03T05:20:47.513995,resident_3,entry,0.8589,yes,resident,door_001
2026-02-03T05:29:47.513995,resident_2,entry,0.9318,yes,resident,door_001
2026-02-03T08:55:47.513995,resident_1,exit,0.9418,yes,resident,door_001
2026-02-03T10:05:47.513995,resident_2,exit,0.8807,yes,resident,door_001
2026-02-03T10:09:47.513995,caregiver_1,entry,0.8721,yes,caregiver,door_001
2026-02-03T10:15:47.513995,resident_3,exit,0.8852,yes,resident,door_001
2026-02-03T10:35:47.513995,caregiver_2,entry,0.9395,yes,caregiver,door_001
2026-02-03T10:39:47.513995,caregiver_1,exit,0.9835,yes,caregiver,door_001
2026-02-03T11:24:47.513995,caregiver_2,exit,0.8778,yes,caregiver,door_001
2026-02-03T11:25:47.513995,resident_3,entry,0.9509,yes,resident,door_001
2026-02-03T12:14:47.513995,resident_2,entry,0.9191,yes,resident,door_001
2026-02-03T14:30:47.513995,caregiver_2,entry,0.875,yes,caregiver,door_001
2026-02-03T14:37:47.513995,resident_2,exit,0.8654,yes,resident,door_001
2026-02-03T14:38:47.513995,resident_1,entry,0.978,yes,resident,door_001
2026-02-03T15:29:47.513995,caregiver_2,exit,0.8649,yes,caregiver,door_001
2026-02-03T16:31:47.513995,resident_3,exit,0.9397,yes,resident,door_001
2026-02-03T16:51:47.513995,resident_1,exit,0.8871,yes,resident,door_001
2026-02-04T03:47:47.514216,resident_2,entry,0.9525,yes,resident,door_001
2026-02-04T04:16:47.514216,resident_1,entry,0.9835,yes,resident,door_001
2026-02-04T04:27:47.514216,resident_3,entry,0.8936,yes,resident,door_001
2026-02-04T06:37:47.514216,caregiver_2,entry,0.8963,yes,caregiver,door_001
2026-02-04T07:20:47.514216,resident_1,exit,0.8954,yes,resident,door_001
2026-02-04T07:23:47.514216,caregiver_2,exit,0.8833,yes,caregiver,door_001
2026-02-04T08:42:47.514216,caregiver_1,entry,0.8599,yes,caregiver,door_001
2026-02-04T09:10:47.514216,resident_3,exit,0.9759,yes,resident,door_001
2026-02-04T09:32:47.514216,caregiver_1,exit,0.8582,yes,caregiver,door_001
2026-02-04T10:49:47.514216,resident_1,entry,0.9801,yes,resident,door_001
2026-02-04T11:31:47.514216,resident_2,exit,0.8676,yes,resident,door_001
2026-02-04T13:49:47.514216,resident_3,entry,0.8847,yes,resident,door_001
2026-02-04T14:03:47.514216,resident_3,exit,0.8529,yes,resident,door_001
2026-02-04T14:17:47.514216,resident_2,entry,0.8731,yes,resident,door_001
2026-02-04T15:57:47.514216,resident_1,exit,0.8581,yes,resident,door_001
2026-02-04T16:55:47.514216,resident_2,exit,0.98,yes,resident,door_001
2026-02-05T03:57:47.514431,resident_3,entry,0.8768,yes,resident,door_001
2026-02-05T04:16:47.514431,resident_1,entry,0.8685,yes,resident,door_001
2026-02-05T05:11:47.514431,resident_2,entry,0.9709,yes,resident,door_001
2026-02-05T06:23:47.514431,caregiver_1,entry,0.9899,yes,caregiver,door_001
2026-02-05T07:19:47.514431,caregiver_1,exit,0.8521,yes,caregiver,door_001
2026-02-05T08:09:47.514431,resident_3,exit,0.8757,yes,resident,door_001
2026-02-05T08:52:47.514431,caregiver_2,entry,0.9069,yes,caregiver,door_001
2026-02-05T09:37:47.514431,caregiver_2,exit,0.8799,yes,caregiver,door_001
2026-02-05T11:18:47.514431,resident_1,exit,0.9162,yes,resident,door_001
2026-02-05T13:45:47.514431,resident_2,exit,0.9064,yes,resident,door_001
2026-02-05T13:48:47.514431,resident_1,exit,0.9423,yes,resident,door_001
2026-02-05T13:57:47.514431,resident_3,entry,0.9724,yes,resident,door_001
2026-02-05T14:10:47.514431,resident_3,exit,0.9631,yes,resident,door_001
2026-02-05T14:33:47.514431,resident_1,entry,0.907,yes,resident,door_001
2026-02-06T03:45:47.514647,resident_3,entry,0.9845,yes,resident,door_001
2026-02-06T03:52:47.514647,resident_1,entry,0.9031,yes,resident,door_001
2026-02-06T04:19:47.514647,resident_2,entry,0.953,yes,resident,door_001
2026-02-06T07:08:47.514647,caregiver_2,entry,0.942,yes,caregiver,door_001
2026-02-06T07:56:47.514647,caregiver_2,exit,0.9232,yes,caregiver,door_001
2026-02-06T09:41:47.514647,resident_1,exit,0.9598,yes,resident,door_001
2026-02-06T11:49:47.514647,caregiver_1,entry,0.9818,yes,caregiver,door_001
2026-02-06T12:37:47.514647,caregiver_1,exit,0.8845,yes,caregiver,door_001
2026-02-06T14:00:47.514647,resident_1,entry,0.9092,yes,resident,door_001
2026-02-06T14:46:47.514647,resident_3,exit,0.9333,yes,resident,door_001
2026-02-06T15:45:47.514647,resident_2,exit,0.857,yes,resident,door_001
2026-02-06T16:51:47.514647,resident_1,exit,0.8766,yes,resident,door_001
2026-02-07T04:16:47.514876,resident_3,entry,0.8798,yes,resident,door_001
2026-02-07T04:24:47.514876,resident_1,entry,0.9503,yes,resident,door_001
2026-02-07T05:41:47.514876,resident_2,entry,0.9553,yes,resident,door_001
2026-02-07T07:38:47.514876,caregiver_2,entry,0.8688,yes,caregiver,door_001
2026-02-07T08:11:47.514876,caregiver_2,exit,0.9746,yes,caregiver,door_001
2026-02-07T11:00:47.514876,caregiver_1,entry,0.8721,yes,caregiver,door_001
2026-02-07T11:56:47.514876,caregiver_1,exit,0.9261,yes,caregiver,door_001
2026-02-07T13:42:47.514876,caregiver_2,entry,0.9435,yes,caregiver,door_001
2026-02-07T14:29:47.514876,caregiver_2,exit,0.8919,yes,caregiver,door_001
2026-02-07T16:38:47.514876,resident_3,exit,0.8596,yes,resident,door_001
2026-02-07T16:50:47.514876,resident_1,exit,0.944,yes,resident,door_001
2026-02-07T17:21:47.514876,resident_2,exit,0.9898,yes,resident,door_001
2026-02-08T03:59:47.515098,resident_1,entry,0.8894,yes,resident,door_001
2026-02-08T04:58:47.515098,resident_2,entry,0.9767,yes,resident,door_001
2026-02-08T05:17:47.515098,resident_3,entry,0.9488,yes,resident,door_001
2026-02-08T06:39:47.515098,caregiver_1,entry,0.9001,yes,caregiver,door_001
2026-02-08T06:46:47.515098,resident_3,exit,0.9823,yes,resident,door_001
2026-02-08T07:22:47.515098,resident_2,exit,0.9093,yes,resident,door_001
2026-02-08T07:30:47.515098,caregiver_1,exit,0.8849,yes,caregiver,door_001
2026-02-08T07:44:47.515098,caregiver_1,entry,0.8932,yes,caregiver,door_001
2026-02-08T08:42:47.515098,caregiver_1,exit,0.9806,yes,caregiver,door_001
2026-02-08T11:31:47.515098,caregiver_2,entry,0.9284,yes,caregiver,door_001
2026-02-08T12:16:47.515098,resident_3,entry,0.855,yes,resident,door_001
2026-02-08T12:28:47.515098,caregiver_2,exit,0.9069,yes,caregiver,door_001
2026-02-08T12:44:47.515098,resident_2,entry,0.8505,yes,resident,door_001
2026-02-08T15:22:47.515098,resident_2,exit,0.9872,yes,resident,door_001
2026-02-08T15:55:47.515098,resident_1,exit,0.9462,yes,resident,door_001
2026-02-08T16:19:47.515098,resident_3,exit,0.9274,yes,resident,door_001
2026-02-09T03:56:47.515320,resident_3,entry,0.8533,yes,resident,door_001
2026-02-09T03:59:47.515320,resident_2,entry,0.8723,yes,resident,door_001
2026-02-09T04:41:47.515320,resident_1,entry,0.9802,yes,resident,door_001
2026-02-09T08:19:47.515320,caregiver_2,entry,0.9848,yes,caregiver,door_001
2026-02-09T08:38:47.515320,resident_1,exit,0.9077,yes,resident,door_001
2026-02-09T08:57:47.515320,caregiver_2,exit,0.8554,yes,caregiver,door_001
2026-02-09T10:37:47.515320,resident_2,exit,0.8554,yes,resident,door_001
2026-02-09T11:23:47.515320,caregiver_1,entry,0.9213,yes,caregiver,door_001
2026-02-09T12:04:47.515320,caregiver_2,entry,0.952,yes,caregiver,door_001
2026-02-09T12:14:47.515320,caregiver_1,exit,0.9874,yes,caregiver,door_001
2026-02-09T12:29:47.515320,resident_1,entry,0.9794,yes,resident,door_001
2026-02-09T12:44:47.515320,caregiver_2,exit,0.9111,yes,caregiver,door_001
2026-02-09T13:56:47.515320,resident_2,entry,0.8779,yes,resident,door_001
2026-02-09T14:03:47.515320,caregiver_1,entry,0.9815,yes,caregiver,door_001
2026-02-09T14:36:47.515320,caregiver_1,exit,0.9728,yes,caregiver,door_001
2026-02-09T15:59:47.515320,resident_3,exit,0.971,yes,resident,door_001
2026-02-09T17:04:47.515320,resident_2,exit,0.8927,yes,resident,door_001
2026-02-09T17:33:47.515320,resident_1,exit,0.9438,yes,resident,door_001
2026-02-10T04:05:47.515537,resident_2,entry,0.9104,yes,resident,door_001
2026-02-10T04:06:47.515537,resident_1,entry,0.9759,yes,resident,door_001
2026-02-10T05:17:47.515537,resident_3,entry,0.8678,yes,resident,door_001
2026-02-10T08:24:47.515537,caregiver_2,entry,0.8619,yes,caregiver,door_001
2026-02-10T09:10:47.515537,caregiver_2,exit,0.9429,yes,caregiver,door_001
2026-02-10T09:21:47.515537,resident_2,exit,0.8939,yes,resident,door_001
2026-02-10T09:55:47.515537,caregiver_1,entry,0.9102,yes,caregiver,door_001
2026-02-10T10:25:47.515537,resident_3,exit,0.9547,yes,resident,door_001
2026-02-10T10:43:47.515537,caregiver_1,exit,0.9349,yes,caregiver,door_001
2026-02-10T10:47:47.515537,caregiver_2,entry,0.9646,yes,caregiver,door_001
2026-02-10T11:11:47.515537,caregiver_1,entry,0.9119,yes,caregiver,door_001
2026-02-10T11:28:47.515537,resident_2,entry,0.976,yes,resident,door_001
2026-02-10T11:41:47.515537,caregiver_2,exit,0.8829,yes,caregiver,door_001
2026-02-10T12:02:47.515537,caregiver_1,exit,0.8799,yes,caregiver,door_001
2026-02-10T12:21:47.515537,resident_3,entry,0.9297,yes,resident,door_001
2026-02-10T14:27:47.515537,resident_1,exit,0.911,yes,resident,door_001
2026-02-10T16:24:47.515537,resident_2,exit,0.9072,yes,resident,door_001
2026-02-10T17:17:47.515537,resident_3,exit,0.9667,yes,resident,door_001
2026-02-11T03:39:47.515753,resident_2,entry,0.7757,no,resident,door_001
2026-02-11T03:51:47.515753,resident_1,entry,0.8534,yes,resident,door_001
2026-02-11T03:51:47.515753,resident_3,entry,0.8824,yes,resident,door_001
2026-02-11T06:04:47.515753,caregiver_1,entry,0.8918,yes,caregiver,door_001
2026-02-11T06:36:47.515753,caregiver_1,entry,0.9733,yes,caregiver,door_001
2026-02-11T06:46:47.515753,caregiver_1,exit,0.9695,yes,caregiver,door_001
2026-02-11T07:24:47.515753,caregiver_1,exit,0.9033,yes,caregiver,door_001
2026-02-11T07:46:47.515753,resident_3,exit,0.9081,yes,resident,door_001
2026-02-11T09:13:47.515753,caregiver_2,entry,0.8807,yes,caregiver,door_001
2026-02-11T09:53:47.515753,resident_2,exit,0.5646,no,resident,door_001
2026-02-11T09:56:47.515753,caregiver_2,exit,0.918,yes,caregiver,door_001
2026-02-11T09:59:47.515753,resident_2,exit,0.6427,no,resident,door_001
2026-02-11T10:40:47.515753,resident_2,entry,0.6824,no,resident,door_001
2026-02-11T11:10:47.515753,resident_2,entry,0.7569,no,resident,door_001
2026-02-11T11:31:47.515753,resident_2,exit,0.7318,no,resident,door_001
2026-02-11T13:16:47.515753,resident_3,entry,0.9152,yes,resident,door_001
2026-02-11T13:55:47.515753,resident_3,exit,0.9666,yes,resident,door_001
2026-02-11T14:29:47.515753,caregiver_2,entry,0.9528,yes,caregiver,door_001
2026-02-11T15:13:47.515753,resident_2,exit,0.6208,no,resident,door_001
2026-02-11T15:24:47.515753,caregiver_2,exit,0.9345,yes,caregiver,door_001
2026-02-11T17:21:47.515753,resident_1,exit,0.969,yes,resident,door_001
2026-02-11T17:21:47.515753,resident_2,exit,0.7909,no,resident,door_001
2026-02-11T17:24:47.515753,resident_2,exit,0.8255,no,resident,door_001
2026-02-11T17:39:47.515753,resident_2,entry,0.7657,no,resident,door_001
2026-02-11T18:10:47.515753,resident_2,exit,0.768,no,resident,door_001
2026-02-12T03:58:47.515996,resident_2,exit,0.6449,no,resident,door_001
2026-02-12T04:04:47.515996,resident_2,entry,0.7385,no,resident,door_001
2026-02-12T04:30:47.515996,resident_2,entry,0.8254,no,resident,door_001
2026-02-12T04:48:47.515996,resident_3,entry,0.931,yes,resident,door_001
2026-02-12T05:12:47.515996,resident_2,entry,0.7672,no,resident,door_001
2026-02-12T05:28:47.515996,resident_1,entry,0.8731,yes,resident,door_001
2026-02-12T06:04:47.515996,caregiver_2,entry,0.9246,yes,caregiver,door_001
2026-02-12T06:55:47.515996,caregiver_2,exit,0.9019,yes,caregiver,door_001
2026-02-12T07:26:47.515996,caregiver_1,entry,0.9581,yes,caregiver,door_001
2026-02-12T08:20:47.515996,resident_2,entry,0.7756,no,resident,door_001
2026-02-12T08:21:47.515996,resident_1,exit,0.9248,yes,resident,door_001
2026-02-12T08:23:47.515996,caregiver_1,exit,0.9458,yes,caregiver,door_001
2026-02-12T09:11:47.515996,resident_2,exit,0.7724,no,resident,door_001
2026-02-12T09:35:47.515996,resident_2,entry,0.7302,no,resident,door_001
2026-02-12T09:50:47.515996,resident_2,exit,0.7441,no,resident,door_001
2026-02-12T11:25:47.515996,resident_3,exit,0.9771,yes,resident,door_001
2026-02-12T13:47:47.515996,resident_1,exit,0.94,yes,resident,door_001
2026-02-12T14:07:47.515996,resident_3,entry,0.9818,yes,resident,door_001
2026-02-12T14:19:47.515996,resident_1,entry,0.929,yes,resident,door_001
2026-02-12T14:46:47.515996,resident_3,exit,0.9329,yes,resident,door_001
2026-02-12T14:59:47.515996,resident_2,exit,0.6232,no,resident,door_001
2026-02-12T17:02:47.515996,resident_2,exit,0.7708,no,resident,door_001
2026-02-13T04:42:47.516231,resident_1,entry,0.9689,yes,resident,door_001
2026-02-13T05:03:47.516231,resident_3,entry,0.854,yes,resident,door_001
2026-02-13T05:11:47.516231,resident_2,entry,0.911,yes,resident,door_001
2026-02-13T06:57:47.516231,caregiver_1,entry,0.9508,yes,caregiver,door_001
2026-02-13T07:09:47.516231,resident_1,exit,0.9845,yes,resident,door_001
2026-02-13T07:42:47.516231,caregiver_1,exit,0.9277,yes,caregiver,door_001
2026-02-13T08:13:47.516231,resident_3,exit,0.8797,yes,resident,door_001
2026-02-13T09:02:47.516231,resident_2,exit,0.9692,yes,resident,door_001
2026-02-13T10:59:47.516231,resident_2,entry,0.9734,yes,resident,door_001
2026-02-13T13:03:47.516231,resident_3,entry,0.8892,yes,resident,door_001
2026-02-13T13:23:47.516231,caregiver_2,entry,0.9497,yes,caregiver,door_001
2026-02-13T14:07:47.516231,caregiver_2,exit,0.961,yes,caregiver,door_001
2026-02-13T14:27:47.516231,resident_1,entry,0.8714,yes,resident,door_001
2026-02-13T15:28:47.516231,resident_1,exit,0.923,yes,resident,door_001
2026-02-13T15:30:47.516231,resident_2,exit,0.9151,yes,resident,door_001
2026-02-13T16:17:47.516231,resident_3,exit,0.8514,yes,resident,door_001
2026-02-14T03:54:47.516447,resident_3,entry,0.8803,yes,resident,door_001
2026-02-14T04:07:47.516447,resident_1,entry,0.7506,no,resident,door_001
2026-02-14T05:12:47.516447,resident_2,entry,0.9275,yes,resident,door_001
2026-02-14T06:17:47.516447,caregiver_1,entry,0.8909,yes,caregiver,door_001
2026-02-14T06:27:47.516447,caregiver_1,entry,0.9248,yes,caregiver,door_001
2026-02-14T07:05:47.516447,caregiver_1,exit,0.8564,yes,caregiver,door_001
2026-02-14T07:17:47.516447,caregiver_1,exit,0.8677,yes,caregiver,door_001
2026-02-14T07:37:47.516447,caregiver_2,entry,0.8517,yes,caregiver,door_001
2026-02-14T08:16:47.516447,caregiver_2,exit,0.9157,yes,caregiver,door_001
2026-02-14T11:03:47.516447,resident_2,exit,0.8993,yes,resident,door_001
2026-02-14T11:30:47.516447,resident_3,exit,0.9234,yes,resident,door_001
2026-02-14T12:48:47.516447,resident_3,entry,0.9666,yes,resident,door_001
2026-02-14T13:03:47.516447,caregiver_2,entry,0.8758,yes,caregiver,door_001
2026-02-14T13:34:47.516447,caregiver_2,exit,0.8853,yes,caregiver,door_001
2026-02-14T13:59:47.516447,resident_2,entry,0.8929,yes,resident,door_001
2026-02-14T14:49:47.516447,resident_2,exit,0.951,yes,resident,door_001
2026-02-14T15:56:47.516447,resident_3,exit,0.9005,yes,resident,door_001
2026-02-15T04:21:47.516663,resident_2,entry,0.8248,no,resident,door_001
2026-02-15T04:32:47.516663,resident_3,entry,0.6392,no,resident,door_001
2026-02-15T04:34:47.516663,resident_1,entry,0.8591,yes,resident,door_001
2026-02-15T04:52:47.516663,resident_2,entry,0.6004,no,resident,door_001
2026-02-15T04:52:47.516663,resident_2,entry,0.6685,no,resident,door_001
2026-02-15T07:40:47.516663,resident_2,exit,0.7897,no,resident,door_001
2026-02-15T09:09:47.516663,resident_2,entry,0.7079,no,resident,door_001
2026-02-15T09:22:47.516663,resident_2,entry,0.6267,no,resident,door_001
2026-02-15T10:14:47.516663,caregiver_1,entry,0.9256,yes,caregiver,door_001
2026-02-15T10:41:47.516663,resident_2,exit,0.7785,no,resident,door_001
2026-02-15T10:58:47.516663,caregiver_1,exit,0.8613,yes,caregiver,door_001
2026-02-15T11:22:47.516663,resident_1,exit,0.9461,yes,resident,door_001
2026-02-15T11:51:47.516663,resident_1,entry,0.9636,yes,resident,door_001
2026-02-15T12:26:47.516663,resident_2,exit,0.5706,no,resident,door_001
2026-02-15T12:29:47.516663,caregiver_2,entry,0.8951,yes,caregiver,door_001
2026-02-15T12:37:47.516663,resident_2,exit,0.6386,no,resident,door_001
2026-02-15T12:49:47.516663,caregiver_1,entry,0.9156,yes,caregiver,door_001
2026-02-15T13:07:47.516663,caregiver_2,exit,0.8536,yes,caregiver,door_001
2026-02-15T13:28:47.516663,caregiver_1,exit,0.948,yes,caregiver,door_001
2026-02-15T15:47:47.516663,resident_1,exit,0.9891,yes,resident,door_001
2026-02-15T18:00:47.516663,resident_2,entry,0.6171,no,resident,door_001
2026-02-15T19:06:47.516663,resident_2,exit,0.8135,no,resident,door_001
2026-02-16T04:30:47.516899,resident_1,entry,0.9441,yes,resident,door_001
2026-02-16T05:08:47.516899,resident_3,entry,0.9471,yes,resident,door_001
2026-02-16T05:40:47.516899,resident_2,entry,0.8889,yes,resident,door_001
2026-02-16T10:22:47.516899,resident_2,exit,0.964,yes,resident,door_001
2026-02-16T11:12:47.516899,resident_2,entry,0.8987,yes,resident,door_001
2026-02-16T12:47:47.516899,caregiver_1,entry,0.894,yes,caregiver,door_001
2026-02-16T13:08:47.516899,caregiver_2,entry,0.8576,yes,caregiver,door_001
2026-02-16T13:27:47.516899,caregiver_1,exit,0.8662,yes,caregiver,door_001
2026-02-16T13:54:47.516899,caregiver_2,exit,0.9006,yes,caregiver,door_001
2026-02-16T14:30:47.516899,resident_1,exit,0.9559,yes,resident,door_001
2026-02-16T14:34:47.516899,caregiver_2,entry,0.9883,yes,caregiver,door_001
2026-02-16T15:25:47.516899,caregiver_2,exit,0.9717,yes,caregiver,door_001
2026-02-16T16:02:47.516899,resident_2,exit,0.9438,yes,resident,door_001
2026-02-16T17:34:47.516899,resident_3,exit,0.9565,yes,resident,door_001
2026-02-17T04:23:47.517107,resident_3,entry,0.9665,yes,resident,door_001
2026-02-17T04:49:47.517107,resident_2,entry,0.854,yes,resident,door_001
2026-02-17T05:30:47.517107,resident_1,entry,0.8572,yes,resident,door_001
2026-02-17T06:59:47.517107,caregiver_2,entry,0.9582,yes,caregiver,door_001
2026-02-17T07:56:47.517107,caregiver_2,exit,0.9081,yes,caregiver,door_001
2026-02-17T08:27:47.517107,resident_2,exit,0.8722,yes,resident,door_001
2026-02-17T09:14:47.517107,resident_3,exit,0.9488,yes,resident,door_001
2026-02-17T11:17:47.517107,resident_2,entry,0.9071,yes,resident,door_001
2026-02-17T11:54:47.517107,caregiver_1,entry,0.9791,yes,caregiver,door_001
2026-02-17T12:40:47.517107,caregiver_1,exit,0.9545,yes,caregiver,door_001
2026-02-17T14:35:47.517107,resident_3,entry,0.9175,yes,resident,door_001
2026-02-17T15:35:47.517107,resident_2,exit,0.9778,yes,resident,door_001
2026-02-17T15:41:47.517107,resident_1,exit,0.8903,yes,resident,door_001
2026-02-17T16:57:47.517107,resident_3,exit,0.914,yes,resident,door_001
2026-02-18T04:13:47.517315,resident_3,entry,0.9851,yes,resident,door_001
2026-02-18T05:11:47.517315,resident_2,entry,0.9806,yes,resident,door_001
2026-02-18T05:34:47.517315,resident_1,entry,0.8504,yes,resident,door_001
2026-02-18T07:15:47.517315,caregiver_1,entry,0.9775,yes,caregiver,door_001
2026-02-18T07:45:47.517315,caregiver_1,exit,0.9511,yes,caregiver,door_001
2026-02-18T08:18:47.517315,resident_2,exit,0.9036,yes,resident,door_001
2026-02-18T11:19:47.517315,resident_1,exit,0.9898,yes,resident,door_001
2026-02-18T11:21:47.517315,caregiver_2,entry,0.947,yes,caregiver,door_001
2026-02-18T11:36:47.517315,caregiver_2,entry,0.9444,yes,caregiver,door_001
2026-02-18T12:11:47.517315,caregiver_2,exit,0.8612,yes,caregiver,door_001
2026-02-18T12:23:47.517315,caregiver_2,exit,0.9032,yes,caregiver,door_001
2026-02-18T12:37:47.517315,caregiver_1,entry,0.9417,yes,caregiver,door_001
2026-02-18T13:11:47.517315,caregiver_1,exit,0.8605,yes,caregiver,door_001
2026-02-18T13:44:47.517315,resident_2,entry,0.8945,yes,resident,door_001
2026-02-18T14:37:47.517315,resident_1,entry,0.8708,yes,resident,door_001
2026-02-18T16:37:47.517315,resident_3,exit,0.8641,yes,resident,door_001
2026-02-18T17:04:47.517315,resident_1,exit,0.8965,yes,resident,door_001
2026-02-18T17:27:47.517315,resident_2,exit,0.9779,yes,resident,door_001
2026-02-19T01:09:47.517532,resident_3,entry,0.6208,no,resident,door_001
2026-02-19T04:10:47.517532,resident_2,entry,0.8733,yes,resident,door_001
2026-02-19T05:37:47.517532,resident_1,entry,0.9257,yes,resident,door_001
2026-02-19T07:52:47.517532,caregiver_1,entry,0.8745,yes,caregiver,door_001
2026-02-19T08:22:47.517532,resident_1,exit,0.9458,yes,resident,door_001
2026-02-19T08:41:47.517532,caregiver_1,exit,0.9719,yes,caregiver,door_001
2026-02-19T09:13:47.517532,caregiver_1,entry,0.9778,yes,caregiver,door_001
2026-02-19T09:47:47.517532,caregiver_1,exit,0.8825,yes,caregiver,door_001
2026-02-19T10:25:47.517532,caregiver_2,entry,0.9265,yes,caregiver,door_001
2026-02-19T10:57:47.517532,caregiver_2,exit,0.9118,yes,caregiver,door_001
2026-02-19T12:56:47.517532,resident_1,entry,0.9545,yes,resident,door_001
2026-02-19T12:58:47.517532,caregiver_2,entry,0.9434,yes,caregiver,door_001
2026-02-19T13:44:47.517532,resident_2,exit,0.8954,yes,resident,door_001
2026-02-19T13:56:47.517532,caregiver_2,exit,0.9626,yes,caregiver,door_001
2026-02-19T16:48:47.517532,resident_1,exit,0.9565,yes,resident,door_001
2026-02-20T04:20:47.517743,resident_3,entry,0.9623,yes,resident,door_001
2026-02-20T04:43:47.517743,resident_2,entry,0.9869,yes,resident,door_001
2026-02-20T05:22:47.517743,resident_1,entry,0.9847,yes,resident,door_001
2026-02-20T06:19:47.517743,caregiver_2,entry,0.9011,yes,caregiver,door_001
2026-02-20T06:53:47.517743,caregiver_2,exit,0.8626,yes,caregiver,door_001
2026-02-20T07:39:47.517743,caregiver_1,entry,0.9378,yes,caregiver,door_001
2026-02-20T08:10:47.517743,caregiver_1,exit,0.8933,yes,caregiver,door_001
2026-02-20T08:42:47.517743,resident_2,exit,0.9292,yes,resident,door_001
2026-02-20T10:02:47.517743,caregiver_2,entry,0.9546,yes,caregiver,door_001
2026-02-20T10:36:47.517743,resident_1,exit,0.8923,yes,resident,door_001
2026-02-20T10:37:47.517743,caregiver_2,exit,0.8781,yes,caregiver,door_001
2026-02-20T11:40:47.517743,resident_2,entry,0.9349,yes,resident,door_001
2026-02-20T14:36:47.517743,resident_1,entry,0.9176,yes,resident,door_001
2026-02-20T15:06:47.517743,resident_1,exit,0.9301,yes,resident,door_001
2026-02-20T15:21:47.517743,resident_3,exit,0.8851,yes,resident,door_001
2026-02-20T17:35:47.517743,resident_2,exit,0.9766,yes,resident,door_001
2026-02-21T04:42:47.517954,resident_3,entry,0.887,yes,resident,door_001
2026-02-21T05:15:47.517954,resident_1,entry,0.9203,yes,resident,door_001
2026-02-21T05:29:47.517954,resident_2,entry,0.9719,yes,resident,door_001
2026-02-21T09:12:47.517954,caregiver_1,entry,0.8535,yes,caregiver,door_001
2026-02-21T09:23:47.517954,caregiver_2,entry,0.8589,yes,caregiver,door_001
2026-02-21T09:46:47.517954,resident_2,exit,0.8697,yes,resident,door_001
2026-02-21T10:10:47.517954,caregiver_1,exit,0.982,yes,caregiver,door_001
2026-02-21T10:19:47.517954,caregiver_2,exit,0.915,yes,caregiver,door_001
2026-02-21T10:23:47.517954,caregiver_2,entry,0.9072,yes,caregiver,door_001
2026-02-21T10:57:47.517954,caregiver_2,exit,0.8563,yes,caregiver,door_001
2026-02-21T12:34:47.517954,caregiver_1,entry,0.9394,yes,caregiver,door_001
2026-02-21T12:37:47.517954,resident_2,entry,0.9447,yes,resident,door_001
2026-02-21T13:15:47.517954,caregiver_1,exit,0.8652,yes,caregiver,door_001
2026-02-21T14:58:47.517954,resident_1,exit,0.978,yes,resident,door_001
2026-02-21T16:25:47.517954,resident_3,exit,0.9549,yes,resident,door_001
2026-02-21T17:36:47.517954,resident_2,exit,0.9626,yes,resident,door_001
2026-02-22T03:45:47.518169,resident_2,entry,0.9602,yes,resident,door_001
2026-02-22T05:57:47.518169,resident_1,entry,0.6627,no,resident,door_001
2026-02-22T07:38:47.518169,resident_1,exit,0.7399,no,resident,door_001
2026-02-22T07:49:47.518169,caregiver_1,entry,0.9425,yes,caregiver,door_001
2026-02-22T08:19:47.518169,caregiver_1,exit,0.8685,yes,caregiver,door_001
2026-02-22T09:42:47.518169,resident_3,entry,0.3821,no,resident,door_001
2026-02-22T09:44:47.518169,resident_3,entry,0.4972,no,resident,door_001
2026-02-22T09:44:47.518169,resident_3,entry,0.3693,no,resident,door_001
2026-02-22T09:45:47.518169,caregiver_2,entry,0.8677,yes,caregiver,door_001
2026-02-22T09:48:47.518169,resident_3,entry,0.5469,no,resident,door_001
2026-02-22T10:28:47.518169,caregiver_2,exit,0.9237,yes,caregiver,door_001
2026-02-22T10:44:47.518169,resident_1,exit,0.613,no,resident,door_001
2026-02-22T10:54:47.518169,resident_1,entry,0.8252,no,resident,door_001
2026-02-22T11:32:47.518169,caregiver_1,entry,0.9604,yes,caregiver,door_001
2026-02-22T12:20:47.518169,caregiver_1,exit,0.8953,yes,caregiver,door_001
2026-02-22T14:16:47.518169,resident_1,exit,0.5676,no,resident,door_001
2026-02-22T14:24:47.518169,resident_1,exit,0.7203,no,resident,door_001
2026-02-22T15:32:47.518169,resident_2,exit,0.929,yes,resident,door_001
2026-02-22T16:47:47.518169,resident_1,entry,0.7361,no,resident,door_001
2026-02-22T16:57:47.518169,resident_1,exit,0.5788,no,resident,door_001
2026-02-22T18:21:47.518169,resident_1,exit,0.8223,no,resident,door_001
2026-02-23T04:48:47.518404,resident_3,entry,0.9309,yes,resident,door_001
2026-02-23T05:09:47.518404,resident_2,entry,0.7659,no,resident,door_001
2026-02-23T05:10:47.518404,resident_1,entry,0.9589,yes,resident,door_001
2026-02-23T06:02:47.518404,resident_2,exit,0.6406,no,resident,door_001
2026-02-23T06:46:47.518404,resident_2,entry,0.6298,no,resident,door_001
2026-02-23T07:10:47.518404,resident_1,exit,0.9205,yes,resident,door_001
2026-02-23T09:09:47.518404,resident_2,exit,0.8075,no,resident,door_001
2026-02-23T09:43:47.518404,caregiver_2,entry,0.8753,yes,caregiver,door_001
2026-02-23T10:35:47.518404,caregiver_2,exit,0.9567,yes,caregiver,door_001
2026-02-23T11:05:47.518404,resident_2,entry,0.7492,no,resident,door_001
2026-02-23T11:28:47.518404,resident_1,entry,0.9597,yes,resident,door_001
2026-02-23T12:36:47.518404,caregiver_1,entry,0.9285,yes,caregiver,door_001
2026-02-23T13:06:47.518404,resident_2,exit,0.6816,no,resident,door_001
2026-02-23T13:24:47.518404,resident_2,entry,0.6691,no,resident,door_001
2026-02-23T13:30:47.518404,caregiver_1,exit,0.9646,yes,caregiver,door_001
2026-02-23T14:05:47.518404,caregiver_1,entry,0.8661,yes,caregiver,door_001
2026-02-23T14:33:47.518404,resident_2,entry,0.7113,no,resident,door_001
2026-02-23T14:43:47.518404,caregiver_1,exit,0.9304,yes,caregiver,door_001
2026-02-23T15:48:47.518404,resident_2,entry,0.7973,no,resident,door_001
2026-02-23T16:03:47.518404,resident_2,exit,0.6656,no,resident,door_001
2026-02-23T16:11:47.518404,resident_1,exit,0.9401,yes,resident,door_001
2026-02-23T16:25:47.518404,resident_2,entry,0.6922,no,resident,door_001
2026-02-23T16:37:47.518404,resident_2,entry,0.8308,no,resident,door_001
2026-02-23T16:46:47.518404,resident_2,entry,0.6434,no,resident,door_001
2026-02-23T16:56:47.518404,resident_3,exit,0.9686,yes,resident,door_001
2026-02-23T17:46:47.518404,resident_2,entry,0.7912,no,resident,door_001
2026-02-24T03:47:47.518650,resident_2,entry,0.9545,yes,resident,door_001
2026-02-24T04:42:47.518650,resident_1,entry,0.8754,yes,resident,door_001
2026-02-24T05:31:47.518650,resident_3,entry,0.9818,yes,resident,door_001
2026-02-24T05:56:47.518650,caregiver_2,entry,0.9053,yes,caregiver,door_001
2026-02-24T06:45:47.518650,caregiver_2,exit,0.8577,yes,caregiver,door_001
2026-02-24T06:51:47.518650,resident_3,exit,0.872,yes,resident,door_001
2026-02-24T09:01:47.518650,caregiver_2,entry,0.9823,yes,caregiver,door_001
2026-02-24T09:55:47.518650,caregiver_2,exit,0.8692,yes,caregiver,door_001
2026-02-24T11:25:47.518650,resident_3,entry,0.8614,yes,resident,door_001
2026-02-24T11:49:47.518650,caregiver_1,entry,0.8897,yes,caregiver,door_001
2026-02-24T11:59:47.518650,caregiver_1,entry,0.8802,yes,caregiver,door_001
2026-02-24T12:40:47.518650,caregiver_1,exit,0.933,yes,caregiver,door_001
2026-02-24T12:45:47.518650,caregiver_1,exit,0.8659,yes,caregiver,door_001
2026-02-24T16:46:47.518650,resident_1,exit,0.8699,yes,resident,door_001
2026-02-24T17:11:47.518650,resident_2,exit,0.8977,yes,resident,door_001
2026-02-24T17:24:47.518650,resident_3,exit,0.9094,yes,resident,door_001
2026-02-25T04:43:47.518870,resident_2,entry,0.9144,yes,resident,door_001
2026-02-25T04:49:47.518870,resident_1,entry,0.8511,yes,resident,door_001
2026-02-25T05:00:47.518870,resident_3,entry,0.8661,yes,resident,door_001
2026-02-25T07:15:47.518870,caregiver_2,entry,0.9214,yes,caregiver,door_001
2026-02-25T07:50:47.518870,resident_1,exit,0.9032,yes,resident,door_001
2026-02-25T08:13:47.518870,caregiver_2,exit,0.9587,yes,caregiver,door_001
2026-02-25T09:03:47.518870,caregiver_2,entry,0.9591,yes,caregiver,door_001
2026-02-25T09:35:47.518870,caregiver_2,exit,0.9215,yes,caregiver,door_001
2026-02-25T10:47:47.518870,caregiver_1,entry,0.9111,yes,caregiver,door_001
2026-02-25T11:20:47.518870,caregiver_1,exit,0.8841,yes,caregiver,door_001
2026-02-25T12:14:47.518870,resident_1,entry,0.9282,yes,resident,door_001
2026-02-25T12:15:47.518870,caregiver_1,entry,0.861,yes,caregiver,door_001
2026-02-25T13:12:47.518870,caregiver_1,exit,0.8934,yes,caregiver,door_001
2026-02-25T15:46:47.518870,resident_1,exit,0.9056,yes,resident,door_001
2026-02-25T15:52:47.518870,resident_3,exit,0.9622,yes,resident,door_001
2026-02-25T16:18:47.518870,resident_2,exit,0.9101,yes,resident,door_001
2026-02-26T03:53:47.519080,resident_2,entry,0.9832,yes,resident,door_001
2026-02-26T03:57:47.519080,resident_1,entry,0.8644,yes,resident,door_001
2026-02-26T04:46:47.519080,resident_3,entry,0.9156,yes,resident,door_001
2026-02-26T07:23:47.519080,caregiver_1,entry,0.971,yes,caregiver,door_001
2026-02-26T08:20:47.519080,caregiver_1,exit,0.8626,yes,caregiver,door_001
2026-02-26T09:19:47.519080,resident_3,exit,0.8579,yes,resident,door_001
2026-02-26T10:30:47.519080,resident_2,exit,0.9289,yes,resident,door_001
2026-02-26T11:01:47.519080,resident_3,entry,0.9146,yes,resident,door_001
2026-02-26T13:40:47.519080,caregiver_2,entry,0.9634,yes,caregiver,door_001
2026-02-26T13:45:47.519080,resident_3,exit,0.9016,yes,resident,door_001
2026-02-26T14:06:47.519080,caregiver_1,entry,0.9148,yes,caregiver,door_001
2026-02-26T14:25:47.519080,resident_2,entry,0.9794,yes,resident,door_001
2026-02-26T14:30:47.519080,caregiver_2,exit,0.8764,yes,caregiver,door_001
2026-02-26T14:53:47.519080,caregiver_1,exit,0.9836,yes,caregiver,door_001
2026-02-26T15:20:47.519080,resident_1,exit,0.8714,yes,resident,door_001
2026-02-26T16:37:47.519080,resident_2,exit,0.9859,yes,resident,door_001
2026-02-27T03:45:47.519303,resident_1,entry,0.9131,yes,resident,door_001
2026-02-27T04:03:47.519303,resident_3,entry,0.8614,yes,resident,door_001
2026-02-27T05:05:47.519303,resident_2,entry,0.9785,yes,resident,door_001
2026-02-27T08:24:47.519303,caregiver_1,entry,0.9484,yes,caregiver,door_001
2026-02-27T09:01:47.519303,resident_3,exit,0.9855,yes,resident,door_001
2026-02-27T09:24:47.519303,caregiver_1,exit,0.9534,yes,caregiver,door_001
2026-02-27T09:25:47.519303,resident_2,exit,0.9337,yes,resident,door_001
2026-02-27T09:27:47.519303,resident_1,exit,0.8618,yes,resident,door_001
2026-02-27T11:01:47.519303,caregiver_2,entry,0.8752,yes,caregiver,door_001
2026-02-27T11:37:47.519303,caregiver_2,exit,0.8978,yes,caregiver,door_001
2026-02-27T11:44:47.519303,resident_1,entry,0.8847,yes,resident,door_001
2026-02-27T12:46:47.519303,resident_2,entry,0.8962,yes,resident,door_001
2026-02-27T13:47:47.519303,caregiver_1,entry,0.9404,yes,caregiver,door_001
2026-02-27T13:50:47.519303,resident_3,entry,0.9333,yes,resident,door_001
2026-02-27T14:01:47.519303,resident_3,exit,0.9282,yes,resident,door_001
2026-02-27T14:30:47.519303,caregiver_1,exit,0.9212,yes,caregiver,door_001
2026-02-27T17:00:47.519303,resident_2,exit,0.8853,yes,resident,door_001
2026-02-27T17:10:47.519303,resident_1,exit,0.9234,yes,resident,door_001
2026-02-28T03:56:47.519518,resident_1,entry,0.99,yes,resident,door_001
2026-02-28T04:10:47.519518,resident_3,entry,0.9355,yes,resident,door_001
2026-02-28T04:24:47.519518,resident_2,entry,0.8971,yes,resident,door_001
2026-02-28T06:23:47.519518,caregiver_2,entry,0.9173,yes,caregiver,door_001
2026-02-28T07:04:47.519518,caregiver_2,exit,0.9276,yes,caregiver,door_001
2026-02-28T07:27:47.519518,caregiver_2,entry,0.9684,yes,caregiver,door_001
2026-02-28T08:20:47.519518,resident_2,exit,0.9027,yes,resident,door_001
2026-02-28T08:24:47.519518,caregiver_2,exit,0.8675,yes,caregiver,door_001
2026-02-28T09:56:47.519518,resident_3,exit,0.9248,yes,resident,door_001
2026-02-28T11:52:47.519518,caregiver_1,entry,0.9644,yes,caregiver,door_001
2026-02-28T11:53:47.519518,resident_2,entry,0.9664,yes,resident,door_001
2026-02-28T12:47:47.519518,caregiver_1,exit,0.9347,yes,caregiver,door_001
2026-02-28T13:31:47.519518,caregiver_1,entry,0.8894,yes,caregiver,door_001
2026-02-28T13:33:47.519518,resident_3,entry,0.9598,yes,resident,door_001
2026-02-28T14:13:47.519518,caregiver_1,exit,0.9204,yes,caregiver,door_001
2026-02-28T15:05:47.519518,resident_3,exit,0.945,yes,resident,door_001
2026-02-28T15:28:47.519518,resident_2,exit,0.9113,yes,resident,door_001
2026-02-28T16:36:47.519518,resident_1,exit,0.9603,yes,resident,door_001
2026-03-01T03:59:47.519736,resident_1,entry,0.6803,no,resident,door_001
2026-03-01T04:47:47.519736,resident_2,entry,0.9825,yes,resident,door_001
2026-03-01T04:58:47.519736,resident_3,entry,0.7921,no,resident,door_001
2026-03-01T06:05:47.519736,resident_3,entry,0.5582,no,resident,door_001
2026-03-01T06:35:47.519736,resident_3,exit,0.7795,no,resident,door_001
2026-03-01T06:44:47.519736,resident_3,exit,0.816,no,resident,door_001
2026-03-01T07:15:47.519736,caregiver_2,entry,0.9262,yes,caregiver,door_001
2026-03-01T08:00:47.519736,caregiver_1,entry,0.9101,yes,caregiver,door_001
2026-03-01T08:08:47.519736,resident_3,exit,0.5682,no,resident,door_001
2026-03-01T08:10:47.519736,caregiver_2,exit,0.9884,yes,caregiver,door_001
2026-03-01T08:24:47.519736,caregiver_2,entry,0.9436,yes,caregiver,door_001
2026-03-01T08:49:47.519736,caregiver_1,exit,0.8994,yes,caregiver,door_001
2026-03-01T08:57:47.519736,resident_3,exit,0.5853,no,resident,door_001
2026-03-01T09:10:47.519736,caregiver_2,exit,0.9865,yes,caregiver,door_001
2026-03-01T12:10:47.519736,resident_3,entry,0.8127,no,resident,door_001
2026-03-01T12:20:47.519736,resident_3,entry,0.7333,no,resident,door_001
2026-03-01T12:26:47.519736,resident_3,entry,0.7701,no,resident,door_001
2026-03-01T13:05:47.519736,resident_3,entry,0.662,no,resident,door_001
2026-03-01T13:28:47.519736,resident_3,exit,0.5822,no,resident,door_001
2026-03-01T17:38:47.519736,resident_2,exit,0.8989,yes,resident,door_001
2026-03-02T04:27:47.519965,resident_3,entry,0.9587,yes,resident,door_001
2026-03-02T05:37:47.519965,resident_1,entry,0.9158,yes,resident,door_001
2026-03-02T06:37:47.519965,caregiver_1,entry,0.9418,yes,caregiver,door_001
2026-03-02T07:15:47.519965,caregiver_1,exit,0.8674,yes,caregiver,door_001
2026-03-02T08:54:47.519965,resident_3,exit,0.8561,yes,resident,door_001
2026-03-02T08:58:47.519965,resident_1,exit,0.9546,yes,resident,door_001
2026-03-02T09:44:47.519965,caregiver_1,entry,0.9555,yes,caregiver,door_001
2026-03-02T10:20:47.519965,caregiver_1,exit,0.8901,yes,caregiver,door_001
2026-03-02T12:03:47.519965,caregiver_2,entry,0.9863,yes,caregiver,door_001
2026-03-02T12:38:47.519965,resident_3,entry,0.8559,yes,resident,door_001
2026-03-02T12:38:47.519965,caregiver_2,entry,0.906,yes,caregiver,door_001
2026-03-02T12:48:47.519965,caregiver_2,exit,0.9469,yes,caregiver,door_001
2026-03-02T13:22:47.519965,caregiver_2,exit,0.9752,yes,caregiver,door_001
2026-03-02T13:32:47.519965,resident_1,entry,0.8595,yes,resident,door_001
2026-03-02T15:28:47.519965,resident_1,exit,0.942,yes,resident,door_001
2026-03-02T16:14:47.519965,resident_3,exit,0.9058,yes,resident,door_001
2026-03-02T17:42:47.519965,resident_2,entry,0.3111,no,resident,door_001
2026-03-02T17:45:47.519965,resident_2,entry,0.5034,no,resident,door_001
2026-03-02T17:46:47.519965,resident_2,entry,0.5076,no,resident,door_001
2026-03-02T17:54:47.519965,resident_2,entry,0.5452,no,resident,door_001
2026-03-02T17:58:47.519965,resident_2,entry,0.4579,no,resident,door_001
